country_code,has_boundary,seed_count,area_km2,action
AD,True,1,451.49,tessellate
AE,True,8,71247.25,tessellate
AF,True,33,642392.45,tessellate
AG,True,1,453.34,tessellate
AI,True,1,87.7,tessellate
AL,True,26,28298.35,tessellate
AM,True,8,29554.97,tessellate
AO,True,49,1249439.46,tessellate
AQ,True,40,12258369.7,tessellate
AR,True,158,2783121.6,tessellate
AS,True,1,180.97,tessellate
AT,True,9,83755.92,tessellate
AU,True,224,7705923.8,tessellate
AW,True,1,170.42,tessellate
AX,True,1,936.78,tessellate
AZ,True,17,86152.93,tessellate
BA,True,6,51721.63,tessellate
BB,True,1,445.91,tessellate
BD,True,16,137217.44,tessellate
BE,True,10,30561.23,tessellate
BF,True,32,273826.75,tessellate
BG,True,18,112568.27,tessellate
BH,True,1,689.43,tessellate
BI,True,14,27161.38,tessellate
BJ,True,9,116589.95,tessellate
BL,True,1,24.5,tessellate
BM,True,1,62.34,tessellate
BN,True,1,5741.83,tessellate
BO,True,69,1090454.22,tessellate
BQ,True,3,296.36,tessellate
BR,True,392,8504953.8,tessellate
BS,True,2,12631.9,tessellate
BT,True,4,40487.62,tessellate
BV,True,0,54.97,excluded: uninhabited nature reserve; no network infrastructure
BW,True,20,580514.93,tessellate
BY,True,15,206632.1,tessellate
BZ,True,7,22373.25,tessellate
CA,True,255,9894500.67,tessellate
CD,True,88,2335422.29,tessellate
CF,True,21,620643.79,tessellate
CG,True,17,346428.73,tessellate
CH,True,28,41326.03,tessellate
CI,True,25,322038.61,tessellate
CK,True,1,191.69,tessellate
CL,True,84,736364.18,tessellate
CM,True,31,466331.23,tessellate
CN,True,400,9373413.04,tessellate
CO,True,72,1140094.81,tessellate
CR,True,13,51360.03,tessellate
CU,True,26,110287.59,tessellate
CV,True,2,3940.36,tessellate
CW,True,1,465.04,tessellate
CY,True,6,9282.13,tessellate
CZ,True,12,78497.28,tessellate
DE,True,58,356378.74,tessellate
DJ,True,5,21933.76,tessellate
DK,True,12,42494.31,tessellate
DM,True,1,732.9,tessellate
DO,True,31,48589.06,tessellate
DZ,True,51,2312302.05,tessellate
EC,True,37,256155.22,tessellate
EE,True,7,45576.27,tessellate
EG,True,42,1002869.98,tessellate
EH,True,1,90696.46,tessellate
ER,True,7,122972.08,tessellate
ES,True,49,506328.33,tessellate
ET,True,34,1132066.51,tessellate
FI,True,21,330937.69,tessellate
FJ,True,4,18992.16,tessellate
FK,True,2,11553.36,tessellate
FM,True,1,636.56,tessellate
FO,True,2,1320.59,tessellate
FR,True,58,546435.25,tessellate
GA,True,20,261133.32,tessellate
GB,True,57,242736.76,tessellate
GD,True,1,348.61,tessellate
GE,True,7,69462.33,tessellate
GF,True,7,83551.74,tessellate
GG,True,1,73.74,tessellate
GH,True,17,239676.4,tessellate
GI,True,1,3.69,tessellate
GL,True,22,2137890.52,tessellate
GM,True,7,10540.59,tessellate
GN,True,29,245290.13,tessellate
GP,True,2,1663.03,tessellate
GQ,True,6,26791.07,tessellate
GR,True,30,131243.74,tessellate
GS,True,1,3904.11,tessellate
GT,True,26,109192.01,tessellate
GU,True,1,566.33,tessellate
GW,True,8,32957.32,tessellate
GY,True,10,212139.38,tessellate
HK,True,1,1038.84,tessellate
HM,True,0,393.22,excluded: no resident or transient population; no network infrastructure
HN,True,19,112641.56,tessellate
HR,True,10,54900.23,tessellate
HT,True,9,26974.23,tessellate
HU,True,20,92946.61,tessellate
ID,True,105,1888146.44,tessellate
IE,True,15,69160.17,tessellate
IL,True,6,22119.79,tessellate
IM,True,1,572.31,tessellate
IN,True,214,3160404.18,tessellate
IO,True,1,161.65,tessellate
IQ,True,27,437585.51,tessellate
IR,True,63,1623487.66,tessellate
IS,True,9,101722.68,tessellate
IT,True,56,300678.18,tessellate
JE,True,1,118.67,tessellate
JM,True,14,11068.04,tessellate
JO,True,9,88940.45,tessellate
JP,True,69,373332.03,tessellate
KE,True,36,588319.91,tessellate
KG,True,14,198712.63,tessellate
KH,True,19,181754.17,tessellate
KI,True,1,954.09,tessellate
KM,True,1,1678.78,tessellate
KN,True,1,264.99,tessellate
KP,True,27,121104.7,tessellate
KR,True,28,97424.12,tessellate
KW,True,4,17495.63,tessellate
KY,True,1,310.13,tessellate
KZ,True,96,2712841.47,tessellate
LA,True,14,228826.97,tessellate
LB,True,6,10007.15,tessellate
LC,True,1,607.38,tessellate
LI,True,1,136.88,tessellate
LK,True,14,66572.98,tessellate
LR,True,13,95709.64,tessellate
LS,True,8,30143.04,tessellate
LT,True,5,64641.26,tessellate
LU,True,3,2599.78,tessellate
LV,True,6,64259.0,tessellate
LY,True,35,1626531.51,tessellate
MA,True,26,592429.28,tessellate
MC,True,1,18.8,tessellate
MD,True,5,33115.79,tessellate
ME,True,1,13704.08,tessellate
MF,True,1,68.5,tessellate
MG,True,28,594753.21,tessellate
MH,True,1,165.52,tessellate
MK,True,3,25348.96,tessellate
ML,True,30,1256812.69,tessellate
MM,True,37,664957.18,tessellate
MN,True,24,1560551.83,tessellate
MO,True,1,30.15,tessellate
MP,True,1,581.29,tessellate
MQ,True,1,1101.44,tessellate
MR,True,20,1039353.76,tessellate
MS,True,1,99.93,tessellate
MT,True,1,325.64,tessellate
MU,True,2,2020.25,tessellate
MV,True,1,109.22,tessellate
MW,True,20,119848.62,tessellate
MX,True,189,1962242.95,tessellate
MY,True,32,329334.85,tessellate
MZ,True,34,791021.41,tessellate
NA,True,27,824823.9,tessellate
NC,True,1,18892.23,tessellate
NE,True,16,1185161.07,tessellate
NF,True,1,41.2,tessellate
NG,True,68,911216.96,tessellate
NI,True,19,129176.63,tessellate
NL,True,14,36957.0,tessellate
NO,True,34,317926.84,tessellate
NP,True,17,147323.51,tessellate
NR,True,1,28.9,tessellate
NU,True,1,221.25,tessellate
NZ,True,52,268104.41,tessellate
OM,True,10,312089.86,tessellate
PA,True,14,74842.95,tessellate
PE,True,89,1295126.76,tessellate
PF,True,1,3353.24,tessellate
PG,True,23,467150.5,tessellate
PH,True,38,294429.93,tessellate
PK,True,41,873936.28,tessellate
PL,True,24,312218.03,tessellate
PM,True,1,242.11,tessellate
PN,True,1,42.66,tessellate
PR,True,4,9034.56,tessellate
PS,True,4,6078.84,tessellate
PT,True,24,91302.78,tessellate
PW,True,2,494.03,tessellate
PY,True,37,400858.34,tessellate
QA,True,1,11172.81,tessellate
RE,True,2,2589.51,tessellate
RO,True,41,235805.74,tessellate
RS,True,7,77470.5,tessellate
RU,True,585,16886305.88,tessellate
RW,True,11,25418.26,tessellate
SA,True,31,1926006.5,tessellate
SB,True,3,27312.04,tessellate
SC,True,1,437.54,tessellate
SD,True,30,1861995.71,tessellate
SE,True,34,443493.59,tessellate
SG,True,1,512.79,tessellate
SH,True,3,367.35,tessellate
SI,True,2,20276.53,tessellate
SJ,True,1,61559.8,tessellate
SK,True,7,48308.37,tessellate
SL,True,5,71911.67,tessellate
SM,True,1,60.2,tessellate
SN,True,11,196942.49,tessellate
SO,True,32,641965.41,tessellate
SR,True,10,145764.4,tessellate
SS,True,15,629530.42,tessellate
ST,True,2,1041.81,tessellate
SV,True,14,20616.09,tessellate
SX,True,1,23.43,tessellate
SY,True,21,185952.05,tessellate
SZ,True,7,17142.78,tessellate
TC,True,1,446.39,tessellate
TD,True,19,1270722.88,tessellate
TF,True,1,7256.96,tessellate
TG,True,7,57101.54,tessellate
TH,True,79,516275.46,tessellate
TJ,True,9,142136.27,tessellate
TK,True,1,4.25,tessellate
TL,True,1,15145.12,tessellate
TM,True,13,470449.29,tessellate
TN,True,26,156654.68,tessellate
TO,True,2,604.86,tessellate
TR,True,83,779426.4,tessellate
TT,True,2,5143.65,tessellate
TV,True,1,23.12,tessellate
TW,True,25,36281.43,tessellate
TZ,True,59,945555.98,tessellate
UA,True,49,570179.82,tessellate
UG,True,43,242936.02,tessellate
UM,True,2,28.1,tessellate
US,True,769,9447868.3,tessellate
UY,True,32,177439.53,tessellate
UZ,True,29,447179.81,tessellate
VA,True,1,0.01,tessellate
VC,True,1,369.12,tessellate
VE,True,50,916571.33,tessellate
VG,True,1,145.39,tessellate
VI,True,1,355.93,tessellate
VN,True,60,329986.81,tessellate
VU,True,2,12338.91,tessellate
WF,True,1,139.85,tessellate
WS,True,1,2790.8,tessellate
XK,True,3,10895.06,tessellate
YE,True,20,454649.16,tessellate
YT,True,1,396.41,tessellate
ZA,True,72,1221445.99,tessellate
ZM,True,34,754730.14,tessellate
ZW,True,20,390529.16,tessellate
